ID,Attribute,Data
DL_001,fullname,Shobana
DL_001,email,shobana@triots.com
DL_001,password,Abserkl@11
GM_23,URL,https://accounts.google.com/signup/v2/createaccount?
GM_23,FIRST NAME,Jainmiah
GM_23,LAST NAME,Shaik
GM_23,MONTH,November
GM_23,DATE,29
GM_23,YEAR,1995
GM_23,GENDER,Male
GM_23,EMAIL,skjainmiah1119
GM_23,PASSWORD,NewPass1@
GM_23,CONFIRM PASSWORD,NewPass1@
GM_23,PHONE,8333833805
UDY_52,username,jainmiah28
UDY_52,email,asdfed455@gmail.com
UDY_52,password,Pasdfeks24@
DL_001,email,shobana@triots.com
DL_001,password,Abserkl@11
UDY_51,email,skjainmiah15@gmail.com
UDY_53,fullname,Jainmiah
UDY_51,password,Jainudanish23@
UDY_53,email,skjainmiah@gmail.com
UDY_53,password,Jainudanish23@
UDY_54,email,shobana@triots.com
UDY_54,password,Jainudanish23@
DC_21,email,skjainmiah25@gmail.com
DC_21,password,Jainudanish23@
DC_22,email,skjainmiah@gmail.com
DC_22,password,Jainudanish23@
DC_23,email,skjainmiah@gmail.com
DC_23,password,Jainudanish23@
DC_24,email,skjainmiah@gmail.com
DC_24,password,Jainudanish23@
DC_21,url,https://www.datacamp.com
DC_22,url,https://www.datacamp.com
DC_23,url,https://www.datacamp.com
DC_24,url,https://www.datacamp.com
IDFC21,Mobile,8333833805
IDFC21,password,Jainudanish23@
IDFC21,name,Jainu
IDFC21,amount,100
IDFC21,otp,521454
AMZ10,email,skjainmiah@gmail.com
AMZ10,password,Jainudanish23@
SW101,mobile ,8333833805
SW101,otp,123
BMS_C1,mobile or phone,8333833805
BMS_C1,email,skjainmiah@gmail.com
BMS_C1,phone,8333833805
BMS_C1,upi,
BMS_C1,bank,ybl
