Label,STEPS,URL
SW101,,
SW101,"launch given url https://www.swiggy.com
",
SW101,"enter location ""K. K. Nagar, Chennai, Tamil Nadu, India""
",
SW101,"click on ""K. K. Nagar, Chennai, Tamil Nadu, India"" option
",
SW101,"Now click on ""Search"" button on top navigation bar
",
SW101,"enter ""Chai Kings"" in search bar
",
SW101,"click on ""Chai Kings"" option
",
SW101,"click on ""Chai Kings"" once again
",
SW101," click ""ADD"" button add_text chocolate Muffin
",
SW101," Now click on ""View Cart"" button
",
SW101," Now click on ""LOG IN"" button
",
SW101," Enter mobile or phone number
",
SW101," Now click on ""Login"" button
",
SW101," Enter otp received on phone
",
SW101," click on ""VERIFY OTP"" button
",
SW102,,
SW102,"launch given url https://www.swiggy.com
",
SW102,"enter location ""K.K. Nagar""
",
SW102,"click on ""K.K. Nagar"" option
",
SW102,"click on ""Search"" button
",
SW102,"enter ""Tea"" in search box
",
SW102,"now click on ""Tea"" option from the list
",
SW102,"click on ""ADD"" option add_text By Ram's Tea House
",
SW102,"click on ""Cart"" option

",
SW102," Now click on ""LOG IN"" button
",
SW102," Enter mobile or phone number
",
SW102," Now click on ""Login"" button
",
SW102," Enter otp received on phone
",
SW102," click on ""VERIFY OTP"" button
",
SW102," click on ""Deliver Here"" button add_txt Jainmiah
",
SW102," just click on ""Proceed to Pay"" option for payment",
