Text,Document,Label,URL,Prediction,credentials
launch given url,1,SW101,https://www.swiggy.com,url,
"location ""K. K. Nagar, Chennai, Tamil Nadu, India""",2,SW101,,insert,
"""K. K. Nagar, Chennai, Tamil Nadu, India""",3,SW101,,click,
"""Search"" top navigation bar",4,SW101,,click,
"""Chai Kings"" search bar",5,SW101,,insert,
"""Chai Kings""",6,SW101,,click,
"""Chai Kings""",7,SW101,,click,
"""ADD"" add_text chocolate Muffin",8,SW101,,click,
"""View Cart""",9,SW101,,click,
"""LOG IN""",10,SW101,,click,
mobile phone number,11,SW101,,insert,8333833805
"""Login""",12,SW101,,click,
otp received phone,13,SW101,,insert,123
"""VERIFY OTP""",14,SW101,,click,123
launch given url,15,SW102,https://www.swiggy.com,url,
"location ""K.K. Nagar""",16,SW102,,insert,
"""K.K. Nagar""",17,SW102,,click,
"""Search""",18,SW102,,click,
"""Tea"" search box",19,SW102,,insert,
"""Tea"" list",20,SW102,,insert,
"""ADD"" add_text By Ram's Tea House",21,SW102,,click,
"""Cart""",22,SW102,,click,
"""LOG IN""",23,SW102,,click,
mobile phone number,24,SW102,,insert,
"""Login""",25,SW102,,click,
otp received phone,26,SW102,,insert,
"""VERIFY OTP""",27,SW102,,click,
"""Deliver Here"" add_txt Jainmiah",28,SW102,,click,
"""Proceed to Pay"" payment",29,SW102,,click,
