Document,URL,Text,Label,Prediction
1,https://www.swiggy.com,launch given url https://www.swiggy.com,SW101,url
2,,"enter location ""K. K. Nagar, Chennai, Tamil Nadu, India""",SW101,insert
3,,"click on ""K. K. Nagar, Chennai, Tamil Nadu, India"" option",SW101,click
4,,"Now click on ""Search"" button on top navigation bar",SW101,click
5,,"enter ""Chai Kings"" in search bar",SW101,insert
6,,"click on ""Chai Kings"" option",SW101,click
7,,"click on ""Chai Kings"" once again",SW101,click
8,,"click ""ADD"" button add_text chocolate Muffin",SW101,click
9,,"Now click on ""View Cart"" button",SW101,click
10,,"Now click on ""LOG IN"" button",SW101,click
11,,Enter mobile or phone number,SW101,insert
12,,"Now click on ""Login"" button",SW101,click
13,,Enter otp received on phone,SW101,insert
14,,"click on ""VERIFY OTP"" button",SW101,click
15,https://www.swiggy.com,launch given url https://www.swiggy.com,SW102,url
16,,"enter location ""K.K. Nagar""",SW102,insert
17,,"click on ""K.K. Nagar"" option",SW102,click
18,,"click on ""Search"" button",SW102,click
19,,"enter ""Tea"" in search box",SW102,insert
20,,"now click on ""Tea"" option from the list",SW102,insert
21,,"click on ""ADD"" option add_text By Ram's Tea House",SW102,click
22,,"click on ""Cart"" option",SW102,click
23,,"Now click on ""LOG IN"" button",SW102,click
24,,Enter mobile or phone number,SW102,insert
25,,"Now click on ""Login"" button",SW102,click
26,,Enter otp received on phone,SW102,insert
27,,"click on ""VERIFY OTP"" button",SW102,click
28,,"click on ""Deliver Here"" button add_txt Jainmiah",SW102,click
29,,"just click on ""Proceed to Pay"" option for payment",SW102,click
